{"cameraMode":{"drawMode":0,"name":"Shaded","section":"Shading Mode"},"sceneLighting":false,"audioPlay":false,"sceneViewState":{"showFog":true,"showMaterialUpdate":false,"showSkybox":true,"showFlares":true,"showImageEffects":true,"showParticleSystems":true},"in2DMode":false,"pivot":{"x":-2.5455219745635988,"y":1.0000040531158448,"z":-19.903705596923829},"rotation":{"x":-0.010807549580931664,"y":-0.01889987662434578,"z":0.00020505989959929138,"w":-0.9997629523277283},"size":22.0,"orthographic":false}