{"cameraMode":{"drawMode":0,"name":"Shaded","section":"Shading Mode"},"sceneLighting":false,"audioPlay":false,"sceneViewState":{"showFog":true,"showMaterialUpdate":false,"showSkybox":true,"showFlares":true,"showImageEffects":true,"showParticleSystems":true},"in2DMode":false,"pivot":{"x":-0.08999967575073242,"y":4.5688276290893559,"z":-0.05205217003822327},"rotation":{"x":-0.010807549580931664,"y":-0.01889987662434578,"z":0.00020505989959929138,"w":-0.9997629523277283},"size":25.92658805847168,"orthographic":false}