{"cameraMode":{"drawMode":0,"name":"Shaded","section":"Shading Mode"},"sceneLighting":false,"audioPlay":false,"sceneViewState":{"showFog":true,"showMaterialUpdate":false,"showSkybox":true,"showFlares":true,"showImageEffects":true,"showParticleSystems":true},"in2DMode":false,"pivot":{"x":0.029999971389770509,"y":-9.5,"z":-0.25999999046325686},"rotation":{"x":-0.010807549580931664,"y":-0.01889987662434578,"z":0.00020505989959929138,"w":-0.9997629523277283},"size":5.472431182861328,"orthographic":false}