{"cameraMode":{"drawMode":0,"name":"Shaded","section":"Shading Mode"},"sceneLighting":true,"audioPlay":false,"sceneViewState":{"showFog":true,"showMaterialUpdate":false,"showSkybox":true,"showFlares":true,"showImageEffects":true,"showParticleSystems":true},"in2DMode":false,"pivot":{"x":-6.440152645111084,"y":3.821937084197998,"z":0.15563201904296876},"rotation":{"x":-0.015306576155126095,"y":0.015595345757901669,"z":-0.00023784356017131358,"w":-0.9997612237930298},"size":37.32827377319336,"orthographic":false}